{
	"class_name" : "PinholeCameraParameters",
	"extrinsic" : 
	[
		1.0,
		-0.0,
		-0.0,
		0.0,
		0.0,
		-1.0,
		-0.0,
		0.0,
		0.0,
		-0.0,
		-1.0,
		0.0,
		-0.34274446992912433,
		-0.041310465591951187,
		0.34596214187010899,
		1.0
	],
	"intrinsic" : 
	{
		"height" : 300,
		"intrinsic_matrix" : 
		[
			259.80762113533166,
			0.0,
			0.0,
			0.0,
			259.80762113533166,
			0.0,
			199.5,
			149.5,
			1.0
		],
		"width" : 400
	},
	"version_major" : 1,
	"version_minor" : 0
}