{
  "chamfer_distance_mm": {
    "overall": {
      "mean": 20.60953219735378,
      "std": 19.159449877345157,
      "min": 2.2947265205716767,
      "max": 98.00478809813247,
      "median": 19.83018063560168,
      "count": 36
    },
    "by_object": {
      "Cube": {
        "mean": 4.843220330448382,
        "std": 2.22314682483402,
        "min": 2.2947265205716767,
        "max": 10.369591159122166,
        "median": 4.350036965974926,
        "count": 18
      },
      "ctry.obj": {
        "mean": 36.37584406425917,
        "std": 15.233958042189466,
        "min": 29.29077011208119,
        "max": 98.00478809813247,
        "median": 32.44575971271827,
        "count": 18
      }
    },
    "by_lighting": {
      "normal": {
        "mean": 18.333305274396896,
        "std": 13.78752891187053,
        "min": 2.817207841334671,
        "max": 33.42457809355132,
        "median": 18.461947562357665,
        "count": 12
      },
      "bright": {
        "mean": 18.66890715472387,
        "std": 14.117040206440015,
        "min": 2.388568776076077,
        "max": 36.25260674282231,
        "median": 19.22202030881793,
        "count": 12
      },
      "dim": {
        "mean": 24.826384162940567,
        "std": 26.175135263471798,
        "min": 2.2947265205716767,
        "max": 98.00478809813247,
        "median": 20.302520467954285,
        "count": 12
      }
    },
    "by_method": {
      "canny": {
        "mean": 22.600224180636296,
        "std": 24.104878432911345,
        "min": 2.2947265205716767,
        "max": 98.00478809813247,
        "median": 18.43744641834801,
        "count": 18
      },
      "rgbd": {
        "mean": 18.618840214071255,
        "std": 12.049820156125051,
        "min": 4.9335568512282615,
        "max": 31.78314366946211,
        "median": 19.83018063560168,
        "count": 18
      }
    }
  },
  "hausdorff_distance_mm": {
    "overall": {
      "mean": 47.68002202921741,
      "std": 43.95919214604801,
      "min": 11.297050201142605,
      "max": 270.4861826557577,
      "median": 41.66142127692916,
      "count": 36
    },
    "by_object": {
      "Cube": {
        "mean": 19.2206232754549,
        "std": 3.2214194506884586,
        "min": 11.297050201142605,
        "max": 23.67824802762578,
        "median": 19.966854123837265,
        "count": 18
      },
      "ctry.obj": {
        "mean": 76.13942078297993,
        "std": 47.271226450534854,
        "min": 59.64459452623254,
        "max": 270.4861826557577,
        "median": 64.84706508524323,
        "count": 18
      }
    },
    "by_lighting": {
      "normal": {
        "mean": 41.5885245086626,
        "std": 22.933564499452178,
        "min": 11.297050201142605,
        "max": 66.9699568671649,
        "median": 41.507014667489315,
        "count": 12
      },
      "bright": {
        "mean": 43.12545780053608,
        "std": 23.568127660568475,
        "min": 15.490908771150629,
        "max": 74.38371417625504,
        "median": 42.06622890350915,
        "count": 12
      },
      "dim": {
        "mean": 58.32608377845356,
        "std": 67.41392787992302,
        "min": 15.025254047505104,
        "max": 270.4861826557577,
        "median": 41.106156330316864,
        "count": 12
      }
    },
    "by_method": {
      "canny": {
        "mean": 52.38385176485886,
        "std": 57.381257731071194,
        "min": 15.025254047505104,
        "max": 270.4861826557577,
        "median": 40.43284900464858,
        "count": 18
      },
      "rgbd": {
        "mean": 42.97619229357596,
        "std": 22.977388474387393,
        "min": 11.297050201142605,
        "max": 68.94137703584538,
        "median": 43.126281810013275,
        "count": 18
      }
    }
  },
  "std_residual_mm": {
    "overall": {
      "mean": 11.18459741677741,
      "std": 12.461140639700375,
      "min": 2.4496331777991953,
      "max": 78.74318942161659,
      "median": 9.811684467712416,
      "count": 36
    },
    "by_object": {
      "Cube": {
        "mean": 4.409441048946833,
        "std": 0.9651077281978341,
        "min": 2.4496331777991953,
        "max": 6.1527651192747905,
        "median": 4.3719233699402995,
        "count": 18
      },
      "ctry.obj": {
        "mean": 17.959753784607983,
        "std": 14.758832323075122,
        "min": 13.47060381615004,
        "max": 78.74318942161659,
        "median": 14.305124384468549,
        "count": 18
      }
    },
    "by_lighting": {
      "normal": {
        "mean": 9.408774141551989,
        "std": 5.109131821385846,
        "min": 2.4496331777991953,
        "max": 15.1269255919459,
        "median": 9.574741745814624,
        "count": 12
      },
      "bright": {
        "mean": 9.568219136031221,
        "std": 5.16495546845537,
        "min": 3.1866046826694503,
        "max": 16.24938442065665,
        "median": 9.842398329904178,
        "count": 12
      },
      "dim": {
        "mean": 14.576798972749012,
        "std": 19.894391840921294,
        "min": 3.0676233217265163,
        "max": 78.74318942161659,
        "median": 9.708546658921108,
        "count": 12
      }
    },
    "by_method": {
      "canny": {
        "mean": 12.819210438828337,
        "std": 16.751774163163347,
        "min": 3.0676233217265163,
        "max": 78.74318942161659,
        "median": 9.284121385836608,
        "count": 18
      },
      "rgbd": {
        "mean": 9.54998439472648,
        "std": 4.95925347279614,
        "min": 2.4496331777991953,
        "max": 15.1269255919459,
        "median": 9.811684467712416,
        "count": 18
      }
    }
  },
  "cv_residual": {
    "overall": {
      "mean": 0.972359602027767,
      "std": 0.3941235079061328,
      "min": 0.5376311201308516,
      "max": 1.6807412634291115,
      "median": 0.8421059730698821,
      "count": 36
    },
    "by_object": {
      "Cube": {
        "mean": 1.294282104372069,
        "std": 0.3107259984393758,
        "min": 0.780570827500848,
        "max": 1.6807412634291115,
        "median": 1.2806733699154496,
        "count": 18
      },
      "ctry.obj": {
        "mean": 0.6504370996834655,
        "std": 0.08275166361524242,
        "min": 0.5376311201308516,
        "max": 0.9294417043457258,
        "median": 0.6463298723509099,
        "count": 18
      }
    },
    "by_lighting": {
      "normal": {
        "mean": 0.9734825307569682,
        "std": 0.40104390908187704,
        "min": 0.5778738537176704,
        "max": 1.6807412634291115,
        "median": 0.7489264103425077,
        "count": 12
      },
      "bright": {
        "mean": 0.9893990887865035,
        "std": 0.40940850688349184,
        "min": 0.5903178432410205,
        "max": 1.677090989725534,
        "median": 0.8742160516966786,
        "count": 12
      },
      "dim": {
        "mean": 0.95419718653983,
        "std": 0.37003648133417194,
        "min": 0.5376311201308516,
        "max": 1.5749898538696807,
        "median": 0.9052876978185025,
        "count": 12
      }
    },
    "by_method": {
      "canny": {
        "mean": 1.1294697800320166,
        "std": 0.471982762420696,
        "min": 0.5376311201308516,
        "max": 1.6807412634291115,
        "median": 1.207833687133007,
        "count": 18
      },
      "rgbd": {
        "mean": 0.815249424023518,
        "std": 0.19629502001106947,
        "min": 0.5858155434057396,
        "max": 1.075121069910611,
        "median": 0.727972079669971,
        "count": 18
      }
    }
  },
  "execution_time_s": {
    "overall": {
      "mean": 7.106125096480052,
      "std": 3.853781947188882,
      "min": 1.473114013671875,
      "max": 18.35367202758789,
      "median": 6.110602021217346,
      "count": 36
    },
    "by_object": {
      "Cube": {
        "mean": 5.386597951253255,
        "std": 1.533377000922269,
        "min": 3.466430902481079,
        "max": 7.771709203720093,
        "median": 4.620336532592773,
        "count": 18
      },